run,variant,server_threads,client_threads,connections,streams,requests_per_sec,server_cpu_us_per_request,errors,status_200,p99_seconds
0,before,1,1,1,1,11383.910492336261,37.94133145968733,0,56930,0.000214364
0,after,1,1,1,1,11470.930314325307,37.82926276519708,0,57363,0.000157534
0,before,1,4,16,16,1199187.1787094139,0.8316245310237614,0,6000304,0.000399988
0,after,1,4,16,16,1187767.0689155927,0.839890878145467,0,5941248,0.000519495
0,before,1,4,16,64,2078310.2742733287,0.47803593214313606,0,10396708,0.0007276
0,after,1,4,16,64,2520610.9108035024,0.39256452650532236,0,12609392,0.000819926
0,before,1,4,16,128,2228104.6943988143,0.4475771857620226,0,11148915,0.001196644
0,after,1,4,16,128,2900164.5873005,0.3439813839205178,0,14506599,0.001240846
0,before,4,8,32,32,9369217.368036075,0.3792323007294228,0,46884192,0.000231235
0,after,4,8,32,32,8440234.28638617,0.4114502290106407,0,42240832,0.000254226
1,after,1,1,1,1,11196.045035615129,37.86458054260658,0,55989,0.000168733
1,before,1,1,1,1,11446.707881250088,37.909227490304325,0,57242,0.000153182
1,after,1,4,16,16,1196420.1357595692,0.8338078853161586,0,5984592,0.000438148
1,before,1,4,16,16,1214821.923815859,0.8194735885966137,0,6077072,0.000406438
1,after,1,4,16,64,2518242.838904489,0.39453030175296877,0,12597258,0.000755025
1,before,1,4,16,64,1969429.0705238604,0.5064945491949833,0,9852031,0.000941449
1,after,1,4,16,128,3048005.0334764933,0.327255411174782,0,15248029,0.000875428
1,before,1,4,16,128,2213788.381971061,0.45057596972707376,0,11074714,0.001328882
1,after,4,8,32,32,9337265.320576517,0.3827109841990878,0,46719328,0.000236394
1,before,4,8,32,32,8861715.102875803,0.39908670923110556,0,44351264,0.000249055
2,before,1,1,1,1,11197.747649159142,38.03775202242977,0,55997,0.000146954
2,after,1,1,1,1,11790.01375160856,37.144456317101714,0,58959,0.000151822
2,before,1,4,16,16,1187865.9011509984,0.8378715236744132,0,5943632,0.000441478
2,after,1,4,16,16,1182900.9953012227,0.8415824182955286,0,5917424,0.000380688
2,before,1,4,16,64,1990915.4675009493,0.4991042234058792,0,9957840,0.000860877
2,after,1,4,16,64,2486125.617702265,0.4012093204704071,0,12437398,0.000678733
2,before,1,4,16,128,2262937.3617740576,0.44081599192078813,0,11319916,0.001338677
2,after,1,4,16,128,3000523.8782302625,0.3324588355665928,0,15009377,0.00100815
2,before,4,8,32,32,8764267.67894812,0.3974823110109578,0,43851008,0.000233594
2,after,4,8,32,32,9251172.700834593,0.3838166817227058,0,46298144,0.000242735
